observation_date,STLFSI4
1993-12-31,-0.2951
1994-01-07,-0.3706
1994-01-14,-0.1159
1994-01-21,-0.3477
1994-01-28,-0.2180
1994-02-04,-0.5179
1994-02-11,-0.3088
1994-02-18,-0.3004
1994-02-25,-0.2660
1994-03-04,-0.2011
1994-03-11,-0.2257
1994-03-18,-0.1467
1994-03-25,-0.2290
1994-04-01,-0.1017
1994-04-08,-0.0826
1994-04-15,-0.0271
1994-04-22,-0.1692
1994-04-29,-0.0919
1994-05-06,-0.3754
1994-05-13,-0.1458
1994-05-20,-0.0611
1994-05-27,-0.1918
1994-06-03,-0.0510
1994-06-10,0.0316
1994-06-17,-0.1902
1994-06-24,-0.0916
1994-07-01,-0.1510
1994-07-08,-0.0017
1994-07-15,-0.0998
1994-07-22,-0.0774
1994-07-29,-0.2142
1994-08-05,-0.1331
1994-08-12,-0.3061
1994-08-19,-0.3447
1994-08-26,-0.3164
1994-09-02,-0.2029
1994-09-09,-0.2904
1994-09-16,-0.2876
1994-09-23,-0.3301
1994-09-30,-0.2113
1994-10-07,-0.2273
1994-10-14,-0.0070
1994-10-21,-0.1645
1994-10-28,-0.2068
1994-11-04,-0.1699
1994-11-11,-0.2440
1994-11-18,-0.4050
1994-11-25,-0.1949
1994-12-02,-0.1973
1994-12-09,-0.1917
1994-12-16,-0.2169
1994-12-23,-0.1614
1994-12-30,-0.0295
1995-01-06,-0.2713
1995-01-13,-0.0312
1995-01-20,-0.3578
1995-01-27,-0.3436
1995-02-03,-0.3632
1995-02-10,-0.4439
1995-02-17,-0.2127
1995-02-24,-0.2481
1995-03-03,-0.1955
1995-03-10,-0.1142
1995-03-17,-0.2305
1995-03-24,-0.3543
1995-03-31,-0.4552
1995-04-07,-0.3203
1995-04-14,-0.2804
1995-04-21,-0.2385
1995-04-28,-0.4290
1995-05-05,-0.2901
1995-05-12,-0.1746
1995-05-19,-0.3636
1995-05-26,-0.3255
1995-06-02,-0.0866
1995-06-09,-0.2042
1995-06-16,-0.1608
1995-06-23,-0.1600
1995-06-30,-0.2677
1995-07-07,-0.2573
1995-07-14,-0.1322
1995-07-21,-0.4276
1995-07-28,-0.2810
1995-08-04,-0.2401
1995-08-11,-0.2614
1995-08-18,-0.3697
1995-08-25,-0.2202
1995-09-01,-0.1537
1995-09-08,-0.2435
1995-09-15,-0.3380
1995-09-22,-0.2851
1995-09-29,-0.4028
1995-10-06,-0.0692
1995-10-13,-0.2233
1995-10-20,-0.1966
1995-10-27,-0.1375
1995-11-03,-0.2005
1995-11-10,-0.3227
1995-11-17,-0.3274
1995-11-24,-0.4609
1995-12-01,-0.3121
1995-12-08,-0.3884
1995-12-15,-0.4088
1995-12-22,-0.2965
1995-12-29,-0.0649
1996-01-05,-0.4518
1996-01-12,-0.1962
1996-01-19,-0.2175
1996-01-26,-0.3908
1996-02-02,-0.3658
1996-02-09,-0.2686
1996-02-16,-0.2580
1996-02-23,-0.4367
1996-03-01,-0.4033
1996-03-08,-0.0415
1996-03-15,-0.2362
1996-03-22,-0.1501
1996-03-29,-0.1071
1996-04-05,-0.1370
1996-04-12,-0.0843
1996-04-19,0.0066
1996-04-26,-0.2023
1996-05-03,-0.1942
1996-05-10,-0.1161
1996-05-17,-0.1860
1996-05-24,-0.2439
1996-05-31,-0.2882
1996-06-07,-0.2289
1996-06-14,-0.1879
1996-06-21,-0.2030
1996-06-28,-0.0467
1996-07-05,-0.4083
1996-07-12,0.0237
1996-07-19,0.0028
1996-07-26,-0.0870
1996-08-02,-0.1967
1996-08-09,0.1046
1996-08-16,-0.2609
1996-08-23,-0.2888
1996-08-30,-0.3350
1996-09-06,-0.1779
1996-09-13,-0.1517
1996-09-20,-0.1827
1996-09-27,-0.0794
1996-10-04,-0.0919
1996-10-11,-0.0757
1996-10-18,-0.1438
1996-10-25,-0.1927
1996-11-01,-0.0771
1996-11-08,-0.2455
1996-11-15,-0.2323
1996-11-22,-0.3130
1996-11-29,-0.2877
1996-12-06,-0.1388
1996-12-13,-0.0441
1996-12-20,-0.1693
1996-12-27,-0.0993
1997-01-03,-0.3490
1997-01-10,-0.0977
1997-01-17,-0.3088
1997-01-24,-0.3467
1997-01-31,-0.2455
1997-02-07,-0.2300
1997-02-14,-0.3097
1997-02-21,-0.3703
1997-02-28,-0.3856
1997-03-07,-0.2170
1997-03-14,-0.3018
1997-03-21,-0.2854
1997-03-28,-0.3847
1997-04-04,-0.1001
1997-04-11,-0.1061
1997-04-18,-0.2505
1997-04-25,-0.2402
1997-05-02,-0.2880
1997-05-09,-0.2198
1997-05-16,-0.2027
1997-05-23,-0.2736
1997-05-30,-0.2329
1997-06-06,-0.1240
1997-06-13,-0.2920
1997-06-20,-0.2268
1997-06-27,-0.1002
1997-07-04,-0.3875
1997-07-11,-0.1382
1997-07-18,-0.2971
1997-07-25,-0.3163
1997-08-01,-0.4263
1997-08-08,-0.3279
1997-08-15,-0.2508
1997-08-22,-0.2314
1997-08-29,-0.2424
1997-09-05,-0.1913
1997-09-12,-0.1603
1997-09-19,-0.1762
1997-09-26,-0.1388
1997-10-03,-0.1789
1997-10-10,-0.2163
1997-10-17,-0.2218
1997-10-24,-0.1560
1997-10-31,0.6439
1997-11-07,-0.0637
1997-11-14,0.3380
1997-11-21,-0.1670
1997-11-28,-0.1236
1997-12-05,-0.3198
1997-12-12,-0.0412
1997-12-19,-0.0939
1997-12-26,0.1120
1998-01-02,-0.4749
1998-01-09,0.2515
1998-01-16,-0.0642
1998-01-23,-0.2357
1998-01-30,-0.2295
1998-02-06,-0.2930
1998-02-13,-0.3388
1998-02-20,-0.3336
1998-02-27,-0.4678
1998-03-06,-0.3166
1998-03-13,-0.2540
1998-03-20,-0.4147
1998-03-27,-0.3355
1998-04-03,-0.1919
1998-04-10,-0.2105
1998-04-17,-0.2999
1998-04-24,-0.2101
1998-05-01,-0.1023
1998-05-08,-0.1267
1998-05-15,-0.3610
1998-05-22,-0.2585
1998-05-29,-0.1659
1998-06-05,-0.2093
1998-06-12,-0.2010
1998-06-19,-0.1167
1998-06-26,-0.1879
1998-07-03,-0.4241
1998-07-10,-0.1579
1998-07-17,-0.4501
1998-07-24,-0.1764
1998-07-31,-0.1109
1998-08-07,0.1418
1998-08-14,0.2930
1998-08-21,0.2210
1998-08-28,0.8755
1998-09-04,1.1843
1998-09-11,0.8448
1998-09-18,0.5737
1998-09-25,0.6421
1998-10-02,1.0064
1998-10-09,1.8930
1998-10-16,1.1255
1998-10-23,0.8902
1998-10-30,0.7583
1998-11-06,0.4526
1998-11-13,0.6243
1998-11-20,0.3352
1998-11-27,-0.0343
1998-12-04,0.5348
1998-12-11,0.4625
1998-12-18,0.5226
1998-12-25,0.1819
1999-01-01,0.3712
1999-01-08,0.1159
1999-01-15,0.5337
1999-01-22,0.4909
1999-01-29,0.2607
1999-02-05,0.1723
1999-02-12,0.2444
1999-02-19,0.0900
1999-02-26,0.0579
1999-03-05,0.0895
1999-03-12,0.0846
1999-03-19,0.0715
1999-03-26,0.1467
1999-04-02,0.0675
1999-04-09,0.1200
1999-04-16,-0.0033
1999-04-23,0.0652
1999-04-30,-0.0834
1999-05-07,0.0104
1999-05-14,0.0561
1999-05-21,0.2033
1999-05-28,0.3004
1999-06-04,0.1165
1999-06-11,0.1186
1999-06-18,0.1463
1999-06-25,0.0496
1999-07-02,0.0707
1999-07-09,0.1046
1999-07-16,0.2041
1999-07-23,0.2251
1999-07-30,0.2495
1999-08-06,0.4040
1999-08-13,0.2829
1999-08-20,0.2005
1999-08-27,0.1064
1999-09-03,0.2292
1999-09-10,0.3081
1999-09-17,0.3284
1999-09-24,0.3802
1999-10-01,0.3006
1999-10-08,0.4295
1999-10-15,0.5407
1999-10-22,0.4155
1999-10-29,0.1760
1999-11-05,0.3150
1999-11-12,0.1803
1999-11-19,-0.0374
1999-11-26,0.0451
1999-12-03,0.1588
1999-12-10,0.2053
1999-12-17,0.0915
1999-12-24,0.0495
1999-12-31,0.2654
2000-01-07,-0.0104
2000-01-14,-0.0452
2000-01-21,0.0061
2000-01-28,0.0625
2000-02-04,-0.0648
2000-02-11,0.0933
2000-02-18,0.1545
2000-02-25,0.2552
2000-03-03,-0.0158
2000-03-10,0.0505
2000-03-17,0.0017
2000-03-24,-0.1441
2000-03-31,0.2209
2000-04-07,0.4387
2000-04-14,0.4630
2000-04-21,0.4269
2000-04-28,0.2972
2000-05-05,0.4679
2000-05-12,0.4904
2000-05-19,0.2422
2000-05-26,0.5750
2000-06-02,0.4521
2000-06-09,0.4049
2000-06-16,0.3841
2000-06-23,0.4277
2000-06-30,0.3603
2000-07-07,0.2791
2000-07-14,0.1437
2000-07-21,0.0657
2000-07-28,0.1200
2000-08-04,0.1284
2000-08-11,-0.0217
2000-08-18,-0.0032
2000-08-25,0.0161
2000-09-01,-0.0682
2000-09-08,0.0625
2000-09-15,0.0876
2000-09-22,0.2565
2000-09-29,0.1248
2000-10-06,0.1825
2000-10-13,0.6701
2000-10-20,0.4786
2000-10-27,0.3118
2000-11-03,0.1213
2000-11-10,0.3074
2000-11-17,0.3978
2000-11-24,0.5428
2000-12-01,0.5844
2000-12-08,0.6239
2000-12-15,0.4516
2000-12-22,0.9008
2000-12-29,0.6979
2001-01-05,0.9134
2001-01-12,0.4947
2001-01-19,0.2901
2001-01-26,0.2626
2001-02-02,0.3995
2001-02-09,0.3744
2001-02-16,0.2880
2001-02-23,0.6566
2001-03-02,0.5426
2001-03-09,0.4090
2001-03-16,0.7875
2001-03-23,1.0579
2001-03-30,0.5369
2001-04-06,1.0354
2001-04-13,0.7343
2001-04-20,0.6329
2001-04-27,0.7644
2001-05-04,0.3069
2001-05-11,0.4139
2001-05-18,0.4333
2001-05-25,0.3633
2001-06-01,0.4111
2001-06-08,0.3765
2001-06-15,0.4596
2001-06-22,0.5016
2001-06-29,0.3117
2001-07-06,0.2827
2001-07-13,0.5539
2001-07-20,0.4423
2001-07-27,0.3234
2001-08-03,0.2495
2001-08-10,0.2630
2001-08-17,0.3741
2001-08-24,0.4748
2001-08-31,0.3957
2001-09-07,0.5089
2001-09-14,1.4763
2001-09-21,2.0056
2001-09-28,0.7430
2001-10-05,1.1269
2001-10-12,0.8685
2001-10-19,0.7657
2001-10-26,0.7449
2001-11-02,1.0453
2001-11-09,0.8401
2001-11-16,0.3970
2001-11-23,0.5218
2001-11-30,0.6885
2001-12-07,0.7838
2001-12-14,0.7829
2001-12-21,0.7577
2001-12-28,0.5950
2002-01-04,0.5520
2002-01-11,0.5346
2002-01-18,0.5905
2002-01-25,0.3633
2002-02-01,0.5100
2002-02-08,0.6683
2002-02-15,0.3714
2002-02-22,0.5487
2002-03-01,0.3856
2002-03-08,0.1990
2002-03-15,0.1685
2002-03-22,0.2881
2002-03-29,0.3436
2002-04-05,0.4391
2002-04-12,0.4004
2002-04-19,0.2952
2002-04-26,0.3780
2002-05-03,0.2648
2002-05-10,0.3590
2002-05-17,0.1621
2002-05-24,0.3632
2002-05-31,0.3427
2002-06-07,0.5261
2002-06-14,0.6227
2002-06-21,0.6487
2002-06-28,0.9889
2002-07-05,0.7784
2002-07-12,0.9116
2002-07-19,1.0383
2002-07-26,1.5102
2002-08-02,0.9269
2002-08-09,1.3011
2002-08-16,1.0536
2002-08-23,0.8504
2002-08-30,0.8401
2002-09-06,1.3250
2002-09-13,1.0026
2002-09-20,1.2978
2002-09-27,1.4363
2002-10-04,1.2487
2002-10-11,1.5490
2002-10-18,0.7714
2002-10-25,0.9932
2002-11-01,1.2033
2002-11-08,1.0606
2002-11-15,0.9978
2002-11-22,0.5210
2002-11-29,0.6800
2002-12-06,0.8588
2002-12-13,0.8724
2002-12-20,0.6646
2002-12-27,0.8987
2003-01-03,0.9184
2003-01-10,0.4675
2003-01-17,0.6509
2003-01-24,0.9336
2003-01-31,0.9170
2003-02-07,0.9435
2003-02-14,0.8981
2003-02-21,0.6715
2003-02-28,0.6619
2003-03-07,0.7240
2003-03-14,0.7881
2003-03-21,0.4622
2003-03-28,0.6465
2003-04-04,0.5460
2003-04-11,0.4350
2003-04-18,0.2554
2003-04-25,0.2424
2003-05-02,0.1988
2003-05-09,0.2374
2003-05-16,0.3397
2003-05-23,0.5764
2003-05-30,0.3973
2003-06-06,0.3226
2003-06-13,0.3704
2003-06-20,0.2278
2003-06-27,0.4417
2003-07-04,0.3696
2003-07-11,0.2436
2003-07-18,0.1060
2003-07-25,0.1308
2003-08-01,0.2879
2003-08-08,0.5444
2003-08-15,0.1535
2003-08-22,0.1601
2003-08-29,0.0650
2003-09-05,0.0972
2003-09-12,0.1875
2003-09-19,-0.0949
2003-09-26,0.0175
2003-10-03,0.1117
2003-10-10,-0.1745
2003-10-17,-0.3490
2003-10-24,-0.1046
2003-10-31,-0.2431
2003-11-07,-0.3098
2003-11-14,-0.2102
2003-11-21,-0.0828
2003-11-28,-0.3600
2003-12-05,-0.2752
2003-12-12,-0.2493
2003-12-19,-0.2547
2003-12-26,-0.2378
2004-01-02,-0.2809
2004-01-09,-0.3723
2004-01-16,-0.3612
2004-01-23,-0.4610
2004-01-30,-0.3873
2004-02-06,-0.3760
2004-02-13,-0.4544
2004-02-20,-0.4857
2004-02-27,-0.5104
2004-03-05,-0.6675
2004-03-12,-0.3179
2004-03-19,-0.3536
2004-03-26,-0.3127
2004-04-02,-0.6592
2004-04-09,-0.5832
2004-04-16,-0.4680
2004-04-23,-0.4462
2004-04-30,-0.4027
2004-05-07,-0.4032
2004-05-14,-0.3025
2004-05-21,-0.4620
2004-05-28,-0.5880
2004-06-04,-0.5567
2004-06-11,-0.7442
2004-06-18,-0.5203
2004-06-25,-0.5453
2004-07-02,-0.5130
2004-07-09,-0.4074
2004-07-16,-0.5607
2004-07-23,-0.5488
2004-07-30,-0.5354
2004-08-06,-0.3303
2004-08-13,-0.4928
2004-08-20,-0.5114
2004-08-27,-0.6344
2004-09-03,-0.5545
2004-09-10,-0.6620
2004-09-17,-0.6179
2004-09-24,-0.6431
2004-10-01,-0.6198
2004-10-08,-0.6051
2004-10-15,-0.4524
2004-10-22,-0.5006
2004-10-29,-0.6720
2004-11-05,-0.8077
2004-11-12,-0.8397
2004-11-19,-0.7726
2004-11-26,-0.8343
2004-12-03,-0.7150
2004-12-10,-0.7176
2004-12-17,-0.9091
2004-12-24,-0.8418
2004-12-31,-0.8384
2005-01-07,-0.7334
2005-01-14,-0.7070
2005-01-21,-0.7195
2005-01-28,-0.7894
2005-02-04,-0.8883
2005-02-11,-0.8530
2005-02-18,-0.9500
2005-02-25,-0.9607
2005-03-04,-0.9348
2005-03-11,-0.9514
2005-03-18,-0.7868
2005-03-25,-0.7328
2005-04-01,-0.7126
2005-04-08,-0.7326
2005-04-15,-0.6846
2005-04-22,-0.6145
2005-04-29,-0.7560
2005-05-06,-0.7661
2005-05-13,-0.6086
2005-05-20,-0.5175
2005-05-27,-0.8021
2005-06-03,-0.7083
2005-06-10,-0.6957
2005-06-17,-0.7873
2005-06-24,-0.6823
2005-07-01,-0.7951
2005-07-08,-0.7302
2005-07-15,-0.8977
2005-07-22,-0.8442
2005-07-29,-0.9341
2005-08-05,-0.9164
2005-08-12,-0.8856
2005-08-19,-0.8153
2005-08-26,-0.8203
2005-09-02,-0.6508
2005-09-09,-0.8352
2005-09-16,-0.8423
2005-09-23,-0.7860
2005-09-30,-0.8457
2005-10-07,-0.7087
2005-10-14,-0.5736
2005-10-21,-0.8338
2005-10-28,-0.8687
2005-11-04,-0.9045
2005-11-11,-0.8382
2005-11-18,-0.7309
2005-11-25,-0.7807
2005-12-02,-0.7179
2005-12-09,-0.7105
2005-12-16,-0.7315
2005-12-23,-0.6961
2005-12-30,-0.6560
2006-01-06,-0.8489
2006-01-13,-0.9952
2006-01-20,-0.8318
2006-01-27,-0.9970
2006-02-03,-1.0564
2006-02-10,-0.9320
2006-02-17,-1.0311
2006-02-24,-1.1165
2006-03-03,-1.0762
2006-03-10,-0.9627
2006-03-17,-1.0205
2006-03-24,-1.0573
2006-03-31,-1.0446
2006-04-07,-1.0207
2006-04-14,-0.9516
2006-04-21,-1.0404
2006-04-28,-1.0982
2006-05-05,-1.1049
2006-05-12,-1.1136
2006-05-19,-0.8847
2006-05-26,-0.7920
2006-06-02,-0.9218
2006-06-09,-0.8018
2006-06-16,-0.7306
2006-06-23,-0.8017
2006-06-30,-0.8572
2006-07-07,-0.9881
2006-07-14,-0.7892
2006-07-21,-0.7837
2006-07-28,-0.9355
2006-08-04,-0.8971
2006-08-11,-0.9239
2006-08-18,-1.0288
2006-08-25,-0.9835
2006-09-01,-0.9493
2006-09-08,-0.9108
2006-09-15,-0.9432
2006-09-22,-0.8313
2006-09-29,-0.8051
2006-10-06,-0.8464
2006-10-13,-1.0213
2006-10-20,-0.9693
2006-10-27,-1.0071
2006-11-03,-0.8941
2006-11-10,-1.0072
2006-11-17,-1.0004
2006-11-24,-0.9285
2006-12-01,-0.8015
2006-12-08,-0.9171
2006-12-15,-0.9880
2006-12-22,-0.9325
2006-12-29,-0.9657
2007-01-05,-0.8835
2007-01-12,-0.9897
2007-01-19,-1.0946
2007-01-26,-1.1301
2007-02-02,-1.0905
2007-02-09,-1.0954
2007-02-16,-1.1089
2007-02-23,-1.1331
2007-03-02,-0.6950
2007-03-09,-0.7891
2007-03-16,-0.8464
2007-03-23,-1.0154
2007-03-30,-0.9517
2007-04-06,-0.9532
2007-04-13,-1.0243
2007-04-20,-1.0376
2007-04-27,-1.0105
2007-05-04,-0.9150
2007-05-11,-0.9659
2007-05-18,-0.9298
2007-05-25,-0.9726
2007-06-01,-0.9221
2007-06-08,-0.7988
2007-06-15,-0.7193
2007-06-22,-0.6880
2007-06-29,-0.5603
2007-07-06,-0.7787
2007-07-13,-0.6913
2007-07-20,-0.6844
2007-07-27,-0.1464
2007-08-03,-0.0108
2007-08-10,0.1398
2007-08-17,1.2196
2007-08-24,1.2871
2007-08-31,1.0001
2007-09-07,1.4749
2007-09-14,1.5727
2007-09-21,0.7117
2007-09-28,0.7005
2007-10-05,0.6267
2007-10-12,0.3578
2007-10-19,0.7256
2007-10-26,0.7903
2007-11-02,0.4704
2007-11-09,1.1444
2007-11-16,1.1655
2007-11-23,1.9190
2007-11-30,2.0695
2007-12-07,1.9529
2007-12-14,1.9258
2007-12-21,1.7794
2007-12-28,1.3214
2008-01-04,1.6091
2008-01-11,1.2930
2008-01-18,0.9694
2008-01-25,1.6206
2008-02-01,0.9702
2008-02-08,1.5053
2008-02-15,1.2945
2008-02-22,1.1475
2008-02-29,1.4304
2008-03-07,2.4533
2008-03-14,2.0333
2008-03-21,2.3683
2008-03-28,1.6792
2008-04-04,1.7289
2008-04-11,1.8822
2008-04-18,1.9113
2008-04-25,1.6976
2008-05-02,1.3698
2008-05-09,1.2522
2008-05-16,1.0239
2008-05-23,0.9368
2008-05-30,0.9708
2008-06-06,1.3136
2008-06-13,1.2379
2008-06-20,1.2771
2008-06-27,1.7414
2008-07-04,1.8372
2008-07-11,1.7902
2008-07-18,1.7614
2008-07-25,1.1963
2008-08-01,1.6575
2008-08-08,1.5453
2008-08-15,1.5273
2008-08-22,1.7760
2008-08-29,1.5509
2008-09-05,1.8206
2008-09-12,1.9777
2008-09-19,4.1309
2008-09-26,4.5737
2008-10-03,7.2544
2008-10-10,9.6351
2008-10-17,9.5781
2008-10-24,8.0783
2008-10-31,7.7595
2008-11-07,6.2163
2008-11-14,6.0024
2008-11-21,7.7020
2008-11-28,6.8606
2008-12-05,6.9472
2008-12-12,6.5547
2008-12-19,5.9653
2008-12-26,4.7926
2009-01-02,4.9271
2009-01-09,3.7320
2009-01-16,3.8130
2009-01-23,4.3279
2009-01-30,4.0415
2009-02-06,3.5836
2009-02-13,3.5928
2009-02-20,4.1755
2009-02-27,4.1674
2009-03-06,4.7824
2009-03-13,3.9411
2009-03-20,3.3372
2009-03-27,3.2115
2009-04-03,3.0258
2009-04-10,2.8031
2009-04-17,2.5815
2009-04-24,2.8361
2009-05-01,2.3307
2009-05-08,1.5702
2009-05-15,2.0413
2009-05-22,1.5762
2009-05-29,1.3671
2009-06-05,1.2101
2009-06-12,1.0106
2009-06-19,1.5883
2009-06-26,1.6465
2009-07-03,1.2054
2009-07-10,1.4641
2009-07-17,1.0048
2009-07-24,0.7756
2009-07-31,0.5171
2009-08-07,0.1624
2009-08-14,0.7902
2009-08-21,0.9618
2009-08-28,0.5379
2009-09-04,0.7024
2009-09-11,0.3565
2009-09-18,0.0330
2009-09-25,0.1707
2009-10-02,0.4173
2009-10-09,0.2816
2009-10-16,0.1350
2009-10-23,0.1921
2009-10-30,0.4191
2009-11-06,0.3877
2009-11-13,0.0295
2009-11-20,0.1531
2009-11-27,0.1526
2009-12-04,0.0581
2009-12-11,-0.0035
2009-12-18,-0.1532
2009-12-25,-0.2449
2010-01-01,-0.2209
2010-01-08,-0.4038
2010-01-15,-0.3639
2010-01-22,-0.0881
2010-01-29,0.0473
2010-02-05,-0.0612
2010-02-12,0.1056
2010-02-19,-0.2228
2010-02-26,-0.2361
2010-03-05,-0.2764
2010-03-12,-0.5697
2010-03-19,-0.4406
2010-03-26,-0.4056
2010-04-02,-0.3629
2010-04-09,-0.4775
2010-04-16,-0.4599
2010-04-23,-0.4269
2010-04-30,-0.2007
2010-05-07,0.4082
2010-05-14,0.3436
2010-05-21,0.9716
2010-05-28,1.0154
2010-06-04,0.8102
2010-06-11,0.9627
2010-06-18,0.4949
2010-06-25,0.5774
2010-07-02,0.9322
2010-07-09,0.5536
2010-07-16,0.3466
2010-07-23,0.4946
2010-07-30,0.1636
2010-08-06,0.1917
2010-08-13,0.4077
2010-08-20,0.4306
2010-08-27,0.4523
2010-09-03,0.2689
2010-09-10,0.0506
2010-09-17,-0.0013
2010-09-24,0.0786
2010-10-01,0.1012
2010-10-08,-0.0015
2010-10-15,-0.2057
2010-10-22,-0.0779
2010-10-29,-0.2346
2010-11-05,-0.1442
2010-11-12,-0.2486
2010-11-19,0.0050
2010-11-26,0.0205
2010-12-03,-0.0214
2010-12-10,-0.2926
2010-12-17,-0.2056
2010-12-24,-0.2534
2010-12-31,-0.2503
2011-01-07,-0.3328
2011-01-14,-0.3161
2011-01-21,-0.3298
2011-01-28,-0.2746
2011-02-04,-0.3912
2011-02-11,-0.4658
2011-02-18,-0.3180
2011-02-25,-0.1004
2011-03-04,-0.2433
2011-03-11,-0.2471
2011-03-18,0.0734
2011-03-25,-0.3375
2011-04-01,-0.3544
2011-04-08,-0.4289
2011-04-15,-0.3909
2011-04-22,-0.4124
2011-04-29,-0.5286
2011-05-06,-0.3452
2011-05-13,-0.3629
2011-05-20,-0.3252
2011-05-27,-0.2878
2011-06-03,-0.2153
2011-06-10,-0.1486
2011-06-17,-0.1403
2011-06-24,-0.1257
2011-07-01,-0.4011
2011-07-08,-0.3676
2011-07-15,-0.0239
2011-07-22,-0.2991
2011-07-29,-0.2755
2011-08-05,0.3341
2011-08-12,1.3123
2011-08-19,0.5227
2011-08-26,0.8627
2011-09-02,0.5058
2011-09-09,0.9003
2011-09-16,0.7656
2011-09-23,1.0965
2011-09-30,1.1378
2011-10-07,1.3724
2011-10-14,0.4655
2011-10-21,0.6609
2011-10-28,0.3026
2011-11-04,0.8517
2011-11-11,0.7777
2011-11-18,1.0204
2011-11-25,1.2301
2011-12-02,0.6753
2011-12-09,0.6225
2011-12-16,0.8898
2011-12-23,0.6417
2011-12-30,0.6467
2012-01-06,0.5297
2012-01-13,0.5567
2012-01-20,0.4210
2012-01-27,0.3121
2012-02-03,0.2814
2012-02-10,0.0859
2012-02-17,0.1915
2012-02-24,0.0568
2012-03-02,0.0366
2012-03-09,0.1594
2012-03-16,-0.2100
2012-03-23,-0.0863
2012-03-30,0.0122
2012-04-06,0.0581
2012-04-13,0.2727
2012-04-20,0.0280
2012-04-27,-0.0147
2012-05-04,-0.0712
2012-05-11,0.0971
2012-05-18,0.4422
2012-05-25,0.3537
2012-06-01,0.4459
2012-06-08,0.4213
2012-06-15,0.2066
2012-06-22,0.0434
2012-06-29,0.1120
2012-07-06,0.0236
2012-07-13,0.1217
2012-07-20,-0.0363
2012-07-27,0.1000
2012-08-03,-0.1411
2012-08-10,-0.1809
2012-08-17,-0.1128
2012-08-24,-0.1677
2012-08-31,-0.0797
2012-09-07,-0.2065
2012-09-14,-0.4820
2012-09-21,-0.5329
2012-09-28,-0.2249
2012-10-05,-0.4402
2012-10-12,-0.4731
2012-10-19,-0.6096
2012-10-26,-0.3540
2012-11-02,-0.3414
2012-11-09,-0.3167
2012-11-16,-0.2037
2012-11-23,-0.5405
2012-11-30,-0.4862
2012-12-07,-0.5292
2012-12-14,-0.5872
2012-12-21,-0.5708
2012-12-28,-0.3751
2013-01-04,-0.6364
2013-01-11,-0.6240
2013-01-18,-0.6409
2013-01-25,-0.6727
2013-02-01,-0.5748
2013-02-08,-0.5376
2013-02-15,-0.6735
2013-02-22,-0.6298
2013-03-01,-0.5183
2013-03-08,-0.7564
2013-03-15,-0.7920
2013-03-22,-0.5817
2013-03-29,-0.6334
2013-04-05,-0.5610
2013-04-12,-0.7308
2013-04-19,-0.4975
2013-04-26,-0.6928
2013-05-03,-0.6723
2013-05-10,-0.7724
2013-05-17,-0.6187
2013-05-24,-0.5382
2013-05-31,-0.3722
2013-06-07,-0.0943
2013-06-14,-0.1546
2013-06-21,-0.1258
2013-06-28,0.0665
2013-07-05,-0.1579
2013-07-12,-0.3151
2013-07-19,-0.5214
2013-07-26,-0.4971
2013-08-02,-0.3704
2013-08-09,-0.4165
2013-08-16,-0.3787
2013-08-23,-0.2005
2013-08-30,-0.1775
2013-09-06,-0.2575
2013-09-13,-0.3352
2013-09-20,-0.4581
2013-09-27,-0.3527
2013-10-04,-0.2671
2013-10-11,-0.4006
2013-10-18,-0.5656
2013-10-25,-0.5869
2013-11-01,-0.5366
2013-11-08,-0.5183
2013-11-15,-0.5732
2013-11-22,-0.6522
2013-11-29,-0.5851
2013-12-06,-0.4618
2013-12-13,-0.5111
2013-12-20,-0.5742
2013-12-27,-0.6848
2014-01-03,-0.5677
2014-01-10,-0.6466
2014-01-17,-0.6516
2014-01-24,-0.5357
2014-01-31,-0.3445
2014-02-07,-0.3693
2014-02-14,-0.7036
2014-02-21,-0.5876
2014-02-28,-0.6685
2014-03-07,-0.6388
2014-03-14,-0.5732
2014-03-21,-0.6207
2014-03-28,-0.6431
2014-04-04,-0.6321
2014-04-11,-0.5333
2014-04-18,-0.6248
2014-04-25,-0.7312
2014-05-02,-0.6715
2014-05-09,-0.6759
2014-05-16,-0.7092
2014-05-23,-0.7153
2014-05-30,-0.7785
2014-06-06,-0.7876
2014-06-13,-0.8092
2014-06-20,-0.8196
2014-06-27,-0.8107
2014-07-04,-0.7804
2014-07-11,-0.7305
2014-07-18,-0.6741
2014-07-25,-0.7007
2014-08-01,-0.5733
2014-08-08,-0.4046
2014-08-15,-0.6779
2014-08-22,-0.7358
2014-08-29,-0.6744
2014-09-05,-0.6190
2014-09-12,-0.5239
2014-09-19,-0.5310
2014-09-26,-0.3662
2014-10-03,-0.3200
2014-10-10,-0.3020
2014-10-17,0.1450
2014-10-24,-0.4565
2014-10-31,-0.4809
2014-11-07,-0.4461
2014-11-14,-0.4360
2014-11-21,-0.3113
2014-11-28,-0.4130
2014-12-05,-0.2927
2014-12-12,-0.0162
2014-12-19,0.0781
2014-12-26,-0.4895
2015-01-02,-0.1144
2015-01-09,0.1405
2015-01-16,0.1436
2015-01-23,-0.0237
2015-01-30,0.0003
2015-02-06,-0.1779
2015-02-13,-0.2663
2015-02-20,-0.2504
2015-02-27,-0.2316
2015-03-06,-0.2720
2015-03-13,-0.1170
2015-03-20,-0.1432
2015-03-27,-0.2084
2015-04-03,-0.1918
2015-04-10,-0.3673
2015-04-17,-0.3569
2015-04-24,-0.4030
2015-05-01,-0.3829
2015-05-08,-0.3258
2015-05-15,-0.2986
2015-05-22,-0.2978
2015-05-29,-0.1949
2015-06-05,-0.1974
2015-06-12,-0.2113
2015-06-19,-0.1660
2015-06-26,-0.3198
2015-07-03,0.0672
2015-07-10,-0.0170
2015-07-17,-0.3440
2015-07-24,-0.1877
2015-07-31,-0.0971
2015-08-07,-0.1453
2015-08-14,-0.0520
2015-08-21,0.1722
2015-08-28,0.6682
2015-09-04,0.2834
2015-09-11,0.1767
2015-09-18,0.1913
2015-09-25,0.4193
2015-10-02,0.6920
2015-10-09,0.0715
2015-10-16,0.1487
2015-10-23,0.0260
2015-10-30,-0.0105
2015-11-06,-0.0855
2015-11-13,0.1277
2015-11-20,0.0995
2015-11-27,0.0444
2015-12-04,0.1232
2015-12-11,0.4554
2015-12-18,0.5350
2015-12-25,0.3752
2016-01-01,0.3127
2016-01-08,0.6974
2016-01-15,0.8650
2016-01-22,0.9794
2016-01-29,0.5347
2016-02-05,0.7105
2016-02-12,1.2486
2016-02-19,0.5685
2016-02-26,0.5480
2016-03-04,0.2314
2016-03-11,0.2677
2016-03-18,0.1548
2016-03-25,0.1580
2016-04-01,0.3756
2016-04-08,0.3329
2016-04-15,0.0875
2016-04-22,-0.0269
2016-04-29,0.0642
2016-05-06,0.2650
2016-05-13,0.1751
2016-05-20,0.0721
2016-05-27,-0.0072
2016-06-03,0.1219
2016-06-10,0.1493
2016-06-17,0.5630
2016-06-24,0.2524
2016-07-01,0.5780
2016-07-08,0.2021
2016-07-15,-0.1048
2016-07-22,0.0886
2016-07-29,0.2318
2016-08-05,0.3523
2016-08-12,0.2074
2016-08-19,0.1884
2016-08-26,0.2658
2016-09-02,0.2787
2016-09-09,0.2902
2016-09-16,0.4963
2016-09-23,0.3270
2016-09-30,0.3067
2016-10-07,0.0853
2016-10-14,0.2201
2016-10-21,0.1774
2016-10-28,0.1028
2016-11-04,0.4903
2016-11-11,-0.0155
2016-11-18,-0.0389
2016-11-25,-0.1202
2016-12-02,-0.0101
2016-12-09,-0.2601
2016-12-16,-0.1579
2016-12-23,-0.1028
2016-12-30,-0.0592
2017-01-06,-0.1016
2017-01-13,-0.1127
2017-01-20,-0.0908
2017-01-27,-0.2045
2017-02-03,-0.1401
2017-02-10,-0.1793
2017-02-17,-0.3030
2017-02-24,-0.2275
2017-03-03,-0.3976
2017-03-10,-0.4128
2017-03-17,-0.3709
2017-03-24,-0.2443
2017-03-31,-0.4148
2017-04-07,-0.3867
2017-04-14,-0.2596
2017-04-21,-0.2579
2017-04-28,-0.5868
2017-05-05,-0.5077
2017-05-12,-0.6145
2017-05-19,-0.4781
2017-05-26,-0.6608
2017-06-02,-0.6286
2017-06-09,-0.7175
2017-06-16,-0.7140
2017-06-23,-0.4843
2017-06-30,-0.5644
2017-07-07,-0.5968
2017-07-14,-0.5721
2017-07-21,-0.6927
2017-07-28,-0.7260
2017-08-04,-0.6275
2017-08-11,-0.4665
2017-08-18,-0.4445
2017-08-25,-0.4675
2017-09-01,-0.5155
2017-09-08,-0.4305
2017-09-15,-0.6770
2017-09-22,-0.7178
2017-09-29,-0.6679
2017-10-06,-0.7127
2017-10-13,-0.6756
2017-10-20,-0.7435
2017-10-27,-0.7477
2017-11-03,-0.7098
2017-11-10,-0.6812
2017-11-17,-0.6773
2017-11-24,-0.8322
2017-12-01,-0.7875
2017-12-08,-0.7171
2017-12-15,-0.6540
2017-12-22,-0.6157
2017-12-29,-0.5140
2018-01-05,-0.6330
2018-01-12,-0.7131
2018-01-19,-0.6541
2018-01-26,-0.6654
2018-02-02,-0.5100
2018-02-09,0.0930
2018-02-16,-0.2683
2018-02-23,-0.3476
2018-03-02,-0.0791
2018-03-09,-0.1037
2018-03-16,-0.0326
2018-03-23,0.2470
2018-03-30,0.3295
2018-04-06,0.3274
2018-04-13,0.1278
2018-04-20,-0.0737
2018-04-27,-0.0374
2018-05-04,-0.0026
2018-05-11,-0.2459
2018-05-18,-0.3057
2018-05-25,-0.2388
2018-06-01,0.0534
2018-06-08,-0.3987
2018-06-15,-0.3484
2018-06-22,-0.2811
2018-06-29,-0.0691
2018-07-06,-0.1981
2018-07-13,-0.4272
2018-07-20,-0.4636
2018-07-27,-0.5471
2018-08-03,-0.4532
2018-08-10,-0.5591
2018-08-17,-0.4526
2018-08-24,-0.6354
2018-08-31,-0.6798
2018-09-07,-0.6061
2018-09-14,-0.7201
2018-09-21,-0.8194
2018-09-28,-0.7559
2018-10-05,-0.7919
2018-10-12,-0.4484
2018-10-19,-0.5109
2018-10-26,-0.2166
2018-11-02,-0.2307
2018-11-09,-0.4767
2018-11-16,-0.0303
2018-11-23,0.0485
2018-11-30,-0.1507
2018-12-07,0.1988
2018-12-14,0.2574
2018-12-21,0.5356
2018-12-28,0.6633
2019-01-04,0.3065
2019-01-11,-0.1850
2019-01-18,-0.1529
2019-01-25,-0.1299
2019-02-01,-0.1500
2019-02-08,-0.2955
2019-02-15,-0.3610
2019-02-22,-0.5269
2019-03-01,-0.5872
2019-03-08,-0.4693
2019-03-15,-0.5740
2019-03-22,-0.5849
2019-03-29,-0.3242
2019-04-05,-0.6760
2019-04-12,-0.6589
2019-04-19,-0.7770
2019-04-26,-0.6377
2019-05-03,-0.6770
2019-05-10,-0.3837
2019-05-17,-0.3593
2019-05-24,-0.4801
2019-05-31,-0.1885
2019-06-07,-0.2110
2019-06-14,-0.4355
2019-06-21,-0.3474
2019-06-28,-0.3423
2019-07-05,-0.5302
2019-07-12,-0.4558
2019-07-19,-0.3672
2019-07-26,-0.4953
2019-08-02,-0.2698
2019-08-09,0.2397
2019-08-16,0.1920
2019-08-23,-0.0970
2019-08-30,-0.0569
2019-09-06,-0.1028
2019-09-13,-0.3526
2019-09-20,-0.1574
2019-09-27,0.0957
2019-10-04,0.3588
2019-10-11,0.1315
2019-10-18,-0.1411
2019-10-25,-0.1378
2019-11-01,-0.0736
2019-11-08,-0.1056
2019-11-15,-0.1127
2019-11-22,-0.0610
2019-11-29,-0.1986
2019-12-06,-0.1013
2019-12-13,-0.2768
2019-12-20,-0.3752
2019-12-27,-0.1902
2020-01-03,-0.2364
2020-01-10,-0.3621
2020-01-17,-0.5298
2020-01-24,-0.4181
2020-01-31,-0.1301
2020-02-07,-0.4698
2020-02-14,-0.5774
2020-02-21,-0.4534
2020-02-28,0.6582
2020-03-06,1.3263
2020-03-13,3.4942
2020-03-20,5.6485
2020-03-27,5.3609
2020-04-03,3.1481
2020-04-10,2.6051
2020-04-17,1.8717
2020-04-24,2.3978
2020-05-01,1.2383
2020-05-08,0.9405
2020-05-15,0.9136
2020-05-22,0.4275
2020-05-29,0.1995
2020-06-05,-0.0929
2020-06-12,0.2717
2020-06-19,0.4769
2020-06-26,0.5030
2020-07-03,0.4152
2020-07-10,0.1151
2020-07-17,0.0688
2020-07-24,-0.2226
2020-07-31,-0.0729
2020-08-07,-0.2020
2020-08-14,-0.2635
2020-08-21,-0.0642
2020-08-28,-0.2655
2020-09-04,-0.1155
2020-09-11,0.0562
2020-09-18,-0.1289
2020-09-25,0.2550
2020-10-02,-0.0730
2020-10-09,-0.2341
2020-10-16,-0.0879
2020-10-23,0.0127
2020-10-30,0.3896
2020-11-06,-0.0726
2020-11-13,-0.4791
2020-11-20,-0.1595
2020-11-27,-0.3955
2020-12-04,-0.4423
2020-12-11,-0.4174
2020-12-18,-0.3744
2020-12-25,-0.4154
2021-01-01,-0.4727
2021-01-08,-0.4826
2021-01-15,-0.5261
2021-01-22,-0.5127
2021-01-29,-0.2642
2021-02-05,-0.5732
2021-02-12,-0.7589
2021-02-19,-0.6494
2021-02-26,-0.4413
2021-03-05,-0.4031
2021-03-12,-0.4956
2021-03-19,-0.5418
2021-03-26,-0.6211
2021-04-02,-0.7135
2021-04-09,-0.8126
2021-04-16,-0.7646
2021-04-23,-0.7145
2021-04-30,-0.8021
2021-05-07,-0.8027
2021-05-14,-0.7440
2021-05-21,-0.7103
2021-05-28,-0.8091
2021-06-04,-0.8452
2021-06-11,-0.7915
2021-06-18,-0.7703
2021-06-25,-0.8008
2021-07-02,-0.8416
2021-07-09,-0.7095
2021-07-16,-0.7992
2021-07-23,-0.5668
2021-07-30,-0.7628
2021-08-06,-0.6746
2021-08-13,-0.8593
2021-08-20,-0.6177
2021-08-27,-0.7661
2021-09-03,-0.7594
2021-09-10,-0.7103
2021-09-17,-0.6776
2021-09-24,-0.5431
2021-10-01,-0.6295
2021-10-08,-0.6366
2021-10-15,-0.7298
2021-10-22,-0.9040
2021-10-29,-0.8108
2021-11-05,-0.6819
2021-11-12,-0.7878
2021-11-19,-0.6878
2021-11-26,-0.4879
2021-12-03,-0.1701
2021-12-10,-0.7064
2021-12-17,-0.4994
2021-12-24,-0.5813
2021-12-31,-0.7702
2022-01-07,-0.7010
2022-01-14,-0.6617
2022-01-21,-0.3844
2022-01-28,-0.2030
2022-02-04,-0.5144
2022-02-11,-0.5866
2022-02-18,-0.1665
2022-02-25,-0.0083
2022-03-04,0.2911
2022-03-11,0.1481
2022-03-18,-0.3099
2022-03-25,-0.6126
2022-04-01,-0.4779
2022-04-08,-0.3717
2022-04-15,-0.2820
2022-04-22,-0.3878
2022-04-29,0.1781
2022-05-06,0.2068
2022-05-13,0.5560
2022-05-20,0.3011
2022-05-27,0.2748
2022-06-03,-0.1662
2022-06-10,-0.0510
2022-06-17,0.0312
2022-06-24,0.3714
2022-07-01,0.6061
2022-07-08,0.4207
2022-07-15,0.0621
2022-07-22,-0.2770
2022-07-29,-0.1971
2022-08-05,-0.4857
2022-08-12,-0.4067
2022-08-19,-0.3712
2022-08-26,-0.2067
2022-09-02,-0.1382
2022-09-09,-0.3127
2022-09-16,-0.4397
2022-09-23,0.1298
2022-09-30,0.5178
2022-10-07,0.1617
2022-10-14,0.2851
2022-10-21,-0.1508
2022-10-28,-0.2964
2022-11-04,-0.3896
2022-11-11,-0.3252
2022-11-18,-0.2281
2022-11-25,-0.2310
2022-12-02,-0.1204
2022-12-09,0.1184
2022-12-16,0.0042
2022-12-23,0.0230
2022-12-30,-0.0419
2023-01-06,-0.1681
2023-01-13,-0.4255
2023-01-20,-0.3928
2023-01-27,-0.5129
2023-02-03,-0.5529
2023-02-10,-0.6121
2023-02-17,-0.4709
2023-02-24,-0.2332
2023-03-03,-0.4495
2023-03-10,-0.0911
2023-03-17,1.0963
2023-03-24,0.2643
2023-03-31,-0.2749
2023-04-07,-0.0983
2023-04-14,-0.4862
2023-04-21,-0.6599
2023-04-28,-0.2937
2023-05-05,-0.3328
2023-05-12,-0.5128
2023-05-19,-0.4467
2023-05-26,-0.3241
2023-06-02,-0.4722
2023-06-09,-0.6988
2023-06-16,-0.6132
2023-06-23,-0.5893
2023-06-30,-0.6976
2023-07-07,-0.7511
2023-07-14,-0.6947
2023-07-21,-0.7386
2023-07-28,-0.7603
2023-08-04,-0.7182
2023-08-11,-0.6600
2023-08-18,-0.6219
2023-08-25,-0.6806
2023-09-01,-0.6935
2023-09-08,-0.7158
2023-09-15,-0.7136
2023-09-22,-0.7189
2023-09-29,-0.4989
2023-10-06,-0.4276
2023-10-13,-0.5410
2023-10-20,-0.3287
2023-10-27,-0.3483
2023-11-03,-0.6078
2023-11-10,-0.7324
2023-11-17,-0.6242
2023-11-24,-0.7352
2023-12-01,-0.5348
2023-12-08,-0.5020
2023-12-15,-0.6109
2023-12-22,-0.4385
2023-12-29,-0.4193
2024-01-05,-0.5573
2024-01-12,-0.7107
2024-01-19,-0.8081
2024-01-26,-0.8335
2024-02-02,-0.7567
2024-02-09,-0.6001
2024-02-16,-0.6448
2024-02-23,-0.6732
2024-03-01,-0.7918
2024-03-08,-0.7923
2024-03-15,-0.9240
2024-03-22,-0.9426
2024-03-29,-0.9340
2024-04-05,-0.8445
2024-04-12,-0.7952
2024-04-19,-0.4171
2024-04-26,-0.8415
2024-05-03,-0.8302
2024-05-10,-0.9227
2024-05-17,-0.9102
2024-05-24,-0.9603
2024-05-31,-0.8506
2024-06-07,-0.8432
2024-06-14,-0.8701
2024-06-21,-0.8311
2024-06-28,-0.8361
2024-07-05,-0.8280
2024-07-12,-0.8319
2024-07-19,-0.6644
2024-07-26,-0.6225
2024-08-02,-0.3408
2024-08-09,-0.1632
2024-08-16,-0.7386
2024-08-23,-0.6489
2024-08-30,-0.6506
2024-09-06,-0.3916
2024-09-13,-0.3172
2024-09-20,-0.4451
2024-09-27,-0.2712
2024-10-04,-0.6112
2024-10-11,-0.5890
2024-10-18,-0.5352
2024-10-25,-0.3856
2024-11-01,-0.2962
2024-11-08,-0.5657
2024-11-15,-0.8008
2024-11-22,-0.6131
2024-11-29,-0.6197
2024-12-06,-0.5305
2024-12-13,-0.5805
2024-12-20,-0.4974
2024-12-27,-0.6242
2025-01-03,-0.6215
2025-01-10,-0.8009
2025-01-17,-0.8265
2025-01-24,-0.9755
2025-01-31,-0.7628
2025-02-07,-0.7842
2025-02-14,-0.8295
2025-02-21,-0.7611
2025-02-28,-0.4556
2025-03-07,-0.3547
2025-03-14,-0.2140
2025-03-21,-0.6442
2025-03-28,-0.6236
2025-04-04,0.0994
2025-04-11,0.5844
2025-04-18,-0.2024
2025-04-25,-0.2680
2025-05-02,-0.3437
2025-05-09,-0.4685
2025-05-16,-0.8977
2025-05-23,-0.5009
2025-05-30,-0.5380
2025-06-06,-0.8072
2025-06-13,-0.7843
2025-06-20,-0.6531
2025-06-27,-0.7056
2025-07-04,-0.8800
2025-07-11,-0.7522
2025-07-18,-0.7176
2025-07-25,-0.8020
2025-08-01,-0.6831
2025-08-08,-0.5731
2025-08-15,-0.8215
2025-08-22,-0.7557
2025-08-29,-0.6103
2025-09-05,-0.4261
2025-09-12,-0.5696
2025-09-19,-0.5966
2025-09-26,-0.5404
2025-10-03,-0.4994
2025-10-10,-0.4885
2025-10-17,-0.3716
2025-10-24,-0.5133
2025-10-31,-0.4631
2025-11-07,-0.3138
2025-11-14,-0.5100
2025-11-21,-0.1350
2025-11-28,-0.3976
2025-12-05,-0.4270
2025-12-12,-0.3607
2025-12-19,-0.3410
2025-12-26,-0.5813
2026-01-02,-0.5648
2026-01-09,-0.6636
2026-01-16,-0.6505
2026-01-23,-0.7119
2026-01-30,-0.6781
2026-02-06,-0.6558
